#,Date-Time (EDT),Ch: 1 - Temperature   (°C )
1,04/19/2022 14:10:43,14.969
2,04/19/2022 14:40:43,15.409
3,04/19/2022 15:10:43,14.605
4,04/19/2022 15:40:43,15.817
5,04/19/2022 16:10:43,17.383
6,04/19/2022 16:40:43,17.672
7,04/19/2022 17:10:43,17.286
8,04/19/2022 17:40:43,16.782
9,04/19/2022 18:10:43,16.256
10,04/19/2022 18:40:43,15.516
11,04/19/2022 19:10:43,14.530
12,04/19/2022 19:40:43,13.457
13,04/19/2022 20:10:43,12.320
14,04/19/2022 20:40:43,11.259
15,04/19/2022 21:10:43,10.315
16,04/19/2022 21:40:43,9.510
17,04/19/2022 22:10:43,8.803
18,04/19/2022 22:40:43,8.159
19,04/19/2022 23:10:43,7.526
20,04/19/2022 23:40:43,6.969
21,04/20/2022 00:10:43,6.443
22,04/20/2022 00:40:43,6.003
23,04/20/2022 01:10:43,5.606
24,04/20/2022 01:40:43,5.253
25,04/20/2022 02:10:43,5.017
26,04/20/2022 02:40:43,4.770
27,04/20/2022 03:10:43,4.555
28,04/20/2022 03:40:43,4.373
29,04/20/2022 04:10:43,4.223
30,04/20/2022 04:40:43,4.019
31,04/20/2022 05:10:43,3.858
32,04/20/2022 05:40:43,3.687
33,04/20/2022 06:10:43,3.526
34,04/20/2022 06:40:43,3.440
35,04/20/2022 07:10:43,3.451
36,04/20/2022 07:40:43,3.719
37,04/20/2022 08:10:43,4.201
38,04/20/2022 08:40:43,4.834
39,04/20/2022 09:10:43,7.333
40,04/20/2022 09:40:43,11.505
41,04/20/2022 10:10:43,19.742
42,04/20/2022 10:40:43,9.467
43,04/20/2022 11:10:43,9.371
44,04/20/2022 11:40:43,9.510
45,04/20/2022 12:10:43,9.768
46,04/20/2022 12:40:43,9.768
47,04/20/2022 13:10:43,9.875
48,04/20/2022 13:40:43,10.068
49,04/20/2022 14:10:43,10.132
50,04/20/2022 14:40:43,10.283
51,04/20/2022 15:10:43,10.422
52,04/20/2022 15:40:43,10.572
53,04/20/2022 16:10:43,10.637
54,04/20/2022 16:40:43,10.551
55,04/20/2022 17:10:43,10.551
56,04/20/2022 17:40:43,10.486
57,04/20/2022 18:10:43,10.476
58,04/20/2022 18:40:43,10.411
59,04/20/2022 19:10:43,10.325
60,04/20/2022 19:40:43,10.229
61,04/20/2022 20:10:43,10.122
62,04/20/2022 20:40:43,10.025
63,04/20/2022 21:10:43,9.950
64,04/20/2022 21:40:43,9.875
65,04/20/2022 22:10:43,9.768
66,04/20/2022 22:40:43,9.650
67,04/20/2022 23:10:43,9.521
68,04/20/2022 23:40:43,9.425
69,04/21/2022 00:10:43,9.339
70,04/21/2022 00:40:43,9.253
71,04/21/2022 01:10:43,9.178
72,04/21/2022 01:40:43,9.124
73,04/21/2022 02:10:43,9.028
74,04/21/2022 02:40:43,8.963
75,04/21/2022 03:10:43,8.910
76,04/21/2022 03:40:43,8.845
77,04/21/2022 04:10:43,8.792
78,04/21/2022 04:40:43,8.706
79,04/21/2022 05:10:43,8.642
80,04/21/2022 05:40:43,8.588
81,04/21/2022 06:10:43,8.524
82,04/21/2022 06:40:43,8.481
83,04/21/2022 07:10:43,8.449
84,04/21/2022 07:40:43,8.438
85,04/21/2022 08:10:43,8.534
86,04/21/2022 08:40:43,8.652
87,04/21/2022 09:10:43,8.781
88,04/21/2022 09:40:43,8.888
89,04/21/2022 10:10:43,9.071
90,04/21/2022 10:40:43,9.167
91,04/21/2022 11:10:43,9.392
92,04/21/2022 11:40:43,9.489
93,04/21/2022 12:10:43,9.736
94,04/21/2022 12:40:43,9.832
95,04/21/2022 13:10:43,9.864
96,04/21/2022 13:40:43,10.025
97,04/21/2022 14:10:43,9.972
98,04/21/2022 14:40:43,10.068
99,04/21/2022 15:10:43,10.079
100,04/21/2022 15:40:43,9.982
101,04/21/2022 16:10:43,9.886
102,04/21/2022 16:40:43,9.725
103,04/21/2022 17:10:43,9.693
104,04/21/2022 17:40:43,9.682
105,04/21/2022 18:10:43,9.607
106,04/21/2022 18:40:43,9.596
107,04/21/2022 19:10:43,9.596
108,04/21/2022 19:40:43,9.596
109,04/21/2022 20:10:43,9.596
110,04/21/2022 20:40:43,9.618
111,04/21/2022 21:10:43,9.650
112,04/21/2022 21:40:43,9.618
113,04/21/2022 22:10:43,9.596
114,04/21/2022 22:40:43,9.628
115,04/21/2022 23:10:43,9.628
116,04/21/2022 23:40:43,9.607
117,04/22/2022 00:10:43,9.596
118,04/22/2022 00:40:43,9.564
119,04/22/2022 01:10:43,9.585
120,04/22/2022 01:40:43,9.585
121,04/22/2022 02:10:43,9.553
122,04/22/2022 02:40:43,9.510
123,04/22/2022 03:10:43,9.446
124,04/22/2022 03:40:43,9.425
125,04/22/2022 04:10:43,9.371
126,04/22/2022 04:40:43,9.371
127,04/22/2022 05:10:43,9.307
128,04/22/2022 05:40:43,9.296
129,04/22/2022 06:10:43,9.285
130,04/22/2022 06:40:43,9.264
131,04/22/2022 07:10:43,9.285
132,04/22/2022 07:40:43,9.307
133,04/22/2022 08:10:43,9.360
134,04/22/2022 08:40:43,9.467
135,04/22/2022 09:10:43,9.553
136,04/22/2022 09:40:43,9.746
137,04/22/2022 10:10:43,9.821
138,04/22/2022 10:40:43,10.036
139,04/22/2022 11:10:43,10.079
140,04/22/2022 11:40:43,10.208
141,04/22/2022 12:10:43,10.572
142,04/22/2022 12:40:43,10.626
143,04/22/2022 13:10:43,10.637
144,04/22/2022 13:40:43,10.776
145,04/22/2022 14:10:43,10.840
146,04/22/2022 14:40:43,10.830
147,04/22/2022 15:10:43,10.958
148,04/22/2022 15:40:43,10.915
149,04/22/2022 16:10:43,10.948
150,04/22/2022 16:40:43,10.958
151,04/22/2022 17:10:43,10.948
152,04/22/2022 17:40:43,10.926
153,04/22/2022 18:10:43,10.840
154,04/22/2022 18:40:43,10.787
155,04/22/2022 19:10:43,10.733
156,04/22/2022 19:40:43,10.647
157,04/22/2022 20:10:43,10.551
158,04/22/2022 20:40:43,10.465
159,04/22/2022 21:10:43,10.358
160,04/22/2022 21:40:43,10.304
161,04/22/2022 22:10:43,10.218
162,04/22/2022 22:40:43,10.165
163,04/22/2022 23:10:43,10.057
164,04/22/2022 23:40:43,9.993
165,04/23/2022 00:10:43,9.939
166,04/23/2022 00:40:43,9.843
167,04/23/2022 01:10:43,9.714
168,04/23/2022 01:40:43,9.661
169,04/23/2022 02:10:43,9.585
170,04/23/2022 02:40:43,9.532
171,04/23/2022 03:10:43,9.446
172,04/23/2022 03:40:43,9.392
173,04/23/2022 04:10:43,9.296
174,04/23/2022 04:40:43,9.221
175,04/23/2022 05:10:43,9.124
176,04/23/2022 05:40:43,9.060
177,04/23/2022 06:10:43,8.974
178,04/23/2022 06:40:43,8.888
179,04/23/2022 07:10:43,8.824
180,04/23/2022 07:40:43,8.770
181,04/23/2022 08:10:43,8.792
182,04/23/2022 08:40:43,8.899
183,04/23/2022 09:10:43,9.060
184,04/23/2022 09:40:43,9.242
185,04/23/2022 10:10:43,9.457
186,04/23/2022 10:40:43,9.693
187,04/23/2022 11:10:43,9.918
188,04/23/2022 11:40:43,10.175
189,04/23/2022 12:10:43,10.519
190,04/23/2022 12:40:43,10.594
191,04/23/2022 13:10:43,10.830
192,04/23/2022 13:40:43,11.108
193,04/23/2022 14:10:43,11.312
194,04/23/2022 14:40:43,11.409
195,04/23/2022 15:10:43,11.516
196,04/23/2022 15:40:43,11.602
197,04/23/2022 16:10:43,11.602
198,04/23/2022 16:40:43,11.623
199,04/23/2022 17:10:43,11.623
200,04/23/2022 17:40:43,11.495
201,04/23/2022 18:10:43,11.419
202,04/23/2022 18:40:43,11.366
203,04/23/2022 19:10:43,11.248
204,04/23/2022 19:40:43,11.151
205,04/23/2022 20:10:43,11.098
206,04/23/2022 20:40:43,11.012
207,04/23/2022 21:10:43,10.937
208,04/23/2022 21:40:43,10.851
209,04/23/2022 22:10:43,10.754
210,04/23/2022 22:40:43,10.647
211,04/23/2022 23:10:43,10.519
212,04/23/2022 23:40:43,10.379
213,04/24/2022 00:10:43,10.261
214,04/24/2022 00:40:43,10.175
215,04/24/2022 01:10:43,10.047
216,04/24/2022 01:40:43,9.961
217,04/24/2022 02:10:43,9.843
218,04/24/2022 02:40:43,9.746
219,04/24/2022 03:10:43,9.671
220,04/24/2022 03:40:43,9.564
221,04/24/2022 04:10:43,9.467
222,04/24/2022 04:40:43,9.360
223,04/24/2022 05:10:43,9.264
224,04/24/2022 05:40:43,9.189
225,04/24/2022 06:10:43,9.092
226,04/24/2022 06:40:43,8.942
227,04/24/2022 07:10:43,8.867
228,04/24/2022 07:40:43,8.813
229,04/24/2022 08:10:43,8.813
230,04/24/2022 08:40:43,8.942
231,04/24/2022 09:10:43,9.081
232,04/24/2022 09:40:43,9.317
233,04/24/2022 10:10:43,9.500
234,04/24/2022 10:40:43,9.789
235,04/24/2022 11:10:43,10.090
236,04/24/2022 11:40:43,10.358
237,04/24/2022 12:10:43,10.669
238,04/24/2022 12:40:43,10.969
239,04/24/2022 13:10:43,11.291
240,04/24/2022 13:40:43,11.377
241,04/24/2022 14:10:43,11.441
242,04/24/2022 14:40:43,11.827
243,04/24/2022 15:10:43,11.924
244,04/24/2022 15:40:43,11.988
245,04/24/2022 16:10:43,12.138
246,04/24/2022 16:40:43,12.117
247,04/24/2022 17:10:43,11.956
248,04/24/2022 17:40:43,11.999
249,04/24/2022 18:10:43,11.859
250,04/24/2022 18:40:43,11.816
251,04/24/2022 19:10:43,11.709
252,04/24/2022 19:40:43,11.634
253,04/24/2022 20:10:43,11.570
254,04/24/2022 20:40:43,11.484
255,04/24/2022 21:10:43,11.419
256,04/24/2022 21:40:43,11.334
257,04/24/2022 22:10:43,11.237
258,04/24/2022 22:40:43,11.141
259,04/24/2022 23:10:43,11.044
260,04/24/2022 23:40:43,10.980
261,04/25/2022 00:10:43,10.926
262,04/25/2022 00:40:43,10.819
263,04/25/2022 01:10:43,10.712
264,04/25/2022 01:40:43,10.604
265,04/25/2022 02:10:43,10.497
266,04/25/2022 02:40:43,10.443
267,04/25/2022 03:10:43,10.347
268,04/25/2022 03:40:43,10.283
269,04/25/2022 04:10:43,10.175
270,04/25/2022 04:40:43,10.132
271,04/25/2022 05:10:43,10.057
272,04/25/2022 05:40:43,9.993
273,04/25/2022 06:10:43,9.982
274,04/25/2022 06:40:43,9.950
275,04/25/2022 07:10:43,9.939
276,04/25/2022 07:40:43,9.993
277,04/25/2022 08:10:43,10.014
278,04/25/2022 08:40:43,10.165
279,04/25/2022 09:10:43,10.422
280,04/25/2022 09:40:43,10.540
281,04/25/2022 10:10:43,10.690
282,04/25/2022 10:40:43,10.862
283,04/25/2022 11:10:43,11.130
284,04/25/2022 11:40:43,11.334
285,04/25/2022 12:10:43,11.720
286,04/25/2022 12:40:43,11.806
287,04/25/2022 13:10:43,12.031
288,04/25/2022 13:40:43,11.966
289,04/25/2022 14:10:43,11.924
290,04/25/2022 14:40:43,11.859
291,04/25/2022 15:10:43,11.730
292,04/25/2022 15:40:43,11.698
293,04/25/2022 16:10:43,11.570
294,04/25/2022 16:40:43,11.495
295,04/25/2022 17:10:43,11.312
296,04/25/2022 17:40:43,11.237
297,04/25/2022 18:10:43,11.066
298,04/25/2022 18:40:43,10.905
299,04/25/2022 19:10:43,10.744
300,04/25/2022 19:40:43,10.733
301,04/25/2022 20:10:43,10.701
302,04/25/2022 20:40:43,10.658
303,04/25/2022 21:10:43,10.561
304,04/25/2022 21:40:43,10.508
305,04/25/2022 22:10:43,10.476
306,04/25/2022 22:40:43,10.476
307,04/25/2022 23:10:43,10.476
308,04/25/2022 23:40:43,10.465
309,04/26/2022 00:10:43,10.443
310,04/26/2022 00:40:43,10.422
311,04/26/2022 01:10:43,10.422
312,04/26/2022 01:40:43,10.443
313,04/26/2022 02:10:43,10.422
314,04/26/2022 02:40:43,10.443
315,04/26/2022 03:10:43,10.422
316,04/26/2022 03:40:43,10.422
317,04/26/2022 04:10:43,10.401
318,04/26/2022 04:40:43,10.390
319,04/26/2022 05:10:43,10.368
320,04/26/2022 05:40:43,10.336
321,04/26/2022 06:10:43,10.347
322,04/26/2022 06:40:43,10.358
323,04/26/2022 07:10:43,10.379
324,04/26/2022 07:40:43,10.401
325,04/26/2022 08:10:43,10.465
326,04/26/2022 08:40:43,10.443
327,04/26/2022 09:10:43,10.540
328,04/26/2022 09:40:43,10.551
329,04/26/2022 10:10:43,10.615
330,04/26/2022 10:40:43,10.679
331,04/26/2022 11:10:43,10.712
332,04/26/2022 11:40:43,10.733
333,04/26/2022 12:10:43,10.808
334,04/26/2022 12:40:43,10.851
335,04/26/2022 13:10:43,10.872
336,04/26/2022 13:40:43,10.915
337,04/26/2022 14:10:43,10.948
338,04/26/2022 14:40:43,11.001
339,04/26/2022 15:10:43,11.023
340,04/26/2022 15:40:43,11.033
341,04/26/2022 16:10:43,11.023
342,04/26/2022 16:40:43,10.990
343,04/26/2022 17:10:43,10.937
344,04/26/2022 17:40:43,10.915
345,04/26/2022 18:10:43,10.915
346,04/26/2022 18:40:43,10.894
347,04/26/2022 19:10:43,10.883
348,04/26/2022 19:40:43,10.862
349,04/26/2022 20:10:43,10.840
350,04/26/2022 20:40:43,10.808
351,04/26/2022 21:10:43,10.808
352,04/26/2022 21:40:43,10.787
353,04/26/2022 22:10:43,10.776
354,04/26/2022 22:40:43,10.754
355,04/26/2022 23:10:43,10.733
356,04/26/2022 23:40:43,10.712
357,04/27/2022 00:10:43,10.690
358,04/27/2022 00:40:43,10.669
359,04/27/2022 01:10:43,10.679
360,04/27/2022 01:40:43,10.637
361,04/27/2022 02:10:43,10.626
362,04/27/2022 02:40:43,10.615
363,04/27/2022 03:10:43,10.583
364,04/27/2022 03:40:43,10.572
365,04/27/2022 04:10:43,10.561
366,04/27/2022 04:40:43,10.508
367,04/27/2022 05:10:43,10.508
368,04/27/2022 05:40:43,10.443
369,04/27/2022 06:10:43,10.422
370,04/27/2022 06:40:43,10.390
371,04/27/2022 07:10:43,10.379
372,04/27/2022 07:40:43,10.358
373,04/27/2022 08:10:43,10.358
374,04/27/2022 08:40:43,10.379
375,04/27/2022 09:10:43,10.422
376,04/27/2022 09:40:43,10.465
377,04/27/2022 10:10:43,10.594
378,04/27/2022 10:40:43,10.765
379,04/27/2022 11:10:43,10.883
380,04/27/2022 11:40:43,10.926
381,04/27/2022 12:10:43,11.087
382,04/27/2022 12:40:43,11.162
383,04/27/2022 13:10:43,11.259
384,04/27/2022 13:40:43,11.430
385,04/27/2022 14:10:43,11.495
386,04/27/2022 14:40:43,11.645
387,04/27/2022 15:10:43,11.677
388,04/27/2022 15:40:43,11.634
389,04/27/2022 16:10:43,11.623
390,04/27/2022 16:40:43,11.548
391,04/27/2022 17:10:43,11.537
392,04/27/2022 17:40:43,11.516
393,04/27/2022 18:10:43,11.473
394,04/27/2022 18:40:43,11.430
395,04/27/2022 19:10:43,11.377
396,04/27/2022 19:40:43,11.323
397,04/27/2022 20:10:43,11.301
398,04/27/2022 20:40:43,11.269
399,04/27/2022 21:10:43,11.216
400,04/27/2022 21:40:43,11.130
401,04/27/2022 22:10:43,11.098
402,04/27/2022 22:40:43,11.055
403,04/27/2022 23:10:43,10.958
404,04/27/2022 23:40:43,10.905
405,04/28/2022 00:10:43,10.830
406,04/28/2022 00:40:43,10.754
407,04/28/2022 01:10:43,10.679
408,04/28/2022 01:40:43,10.615
409,04/28/2022 02:10:43,10.529
410,04/28/2022 02:40:43,10.497
411,04/28/2022 03:10:43,10.476
412,04/28/2022 03:40:43,10.422
413,04/28/2022 04:10:43,10.315
414,04/28/2022 04:40:43,10.240
415,04/28/2022 05:10:43,10.186
416,04/28/2022 05:40:43,10.122
417,04/28/2022 06:10:43,10.047
418,04/28/2022 06:40:43,9.982
419,04/28/2022 07:10:43,9.972
420,04/28/2022 07:40:43,9.929
421,04/28/2022 08:10:43,9.929
422,04/28/2022 08:40:43,9.875
423,04/28/2022 09:10:43,9.843
424,04/28/2022 09:40:43,9.854
425,04/28/2022 10:10:43,9.864
426,04/28/2022 10:40:43,9.939
427,04/28/2022 11:10:43,10.143
428,04/28/2022 11:40:43,10.390
429,04/28/2022 12:10:43,10.401
430,04/28/2022 12:40:43,10.422
431,04/28/2022 13:10:43,10.443
432,04/28/2022 13:40:43,10.497
433,04/28/2022 14:10:43,10.594
434,04/28/2022 14:40:43,10.637
435,04/28/2022 15:10:43,10.637
436,04/28/2022 15:40:43,10.626
437,04/28/2022 16:10:43,10.626
438,04/28/2022 16:40:43,10.594
439,04/28/2022 17:10:43,10.561
440,04/28/2022 17:40:43,10.497
441,04/28/2022 18:10:43,10.454
442,04/28/2022 18:40:43,10.358
443,04/28/2022 19:10:43,10.293
444,04/28/2022 19:40:43,10.240
445,04/28/2022 20:10:43,10.154
446,04/28/2022 20:40:43,10.068
447,04/28/2022 21:10:43,10.014
448,04/28/2022 21:40:43,9.929
449,04/28/2022 22:10:43,9.864
450,04/28/2022 22:40:43,9.789
451,04/28/2022 23:10:43,9.725
452,04/28/2022 23:40:43,9.693
453,04/29/2022 00:10:43,9.618
454,04/29/2022 00:40:43,9.585
455,04/29/2022 01:10:43,9.521
456,04/29/2022 01:40:43,9.392
457,04/29/2022 02:10:43,9.221
458,04/29/2022 02:40:43,9.135
459,04/29/2022 03:10:43,9.038
460,04/29/2022 03:40:43,8.931
461,04/29/2022 04:10:43,8.867
462,04/29/2022 04:40:43,8.781
463,04/29/2022 05:10:43,8.717
464,04/29/2022 05:40:43,8.620
465,04/29/2022 06:10:43,8.567
466,04/29/2022 06:40:43,8.534
467,04/29/2022 07:10:43,8.534
468,04/29/2022 07:40:43,8.513
469,04/29/2022 08:10:43,8.534
470,04/29/2022 08:40:43,8.534
471,04/29/2022 09:10:43,8.588
472,04/29/2022 09:40:43,8.663
473,04/29/2022 10:10:43,8.770
474,04/29/2022 10:40:43,8.899
475,04/29/2022 11:10:43,9.006
476,04/29/2022 11:40:43,9.146
477,04/29/2022 12:10:43,9.414
478,04/29/2022 12:40:43,9.521
479,04/29/2022 13:10:43,9.618
480,04/29/2022 13:40:43,9.757
481,04/29/2022 14:10:43,9.800
482,04/29/2022 14:40:43,9.886
483,04/29/2022 15:10:43,9.864
484,04/29/2022 15:40:43,9.896
485,04/29/2022 16:10:43,9.896
486,04/29/2022 16:40:43,9.864
487,04/29/2022 17:10:43,9.843
488,04/29/2022 17:40:43,9.800
489,04/29/2022 18:10:43,9.714
490,04/29/2022 18:40:43,9.650
491,04/29/2022 19:10:43,9.585
492,04/29/2022 19:40:43,9.521
493,04/29/2022 20:10:43,9.446
494,04/29/2022 20:40:43,9.328
495,04/29/2022 21:10:43,9.242
496,04/29/2022 21:40:43,9.167
497,04/29/2022 22:10:43,9.071
498,04/29/2022 22:40:43,8.985
499,04/29/2022 23:10:43,8.910
500,04/29/2022 23:40:43,8.845
501,04/30/2022 00:10:43,8.760
502,04/30/2022 00:40:43,8.706
503,04/30/2022 01:10:43,8.620
504,04/30/2022 01:40:43,8.588
505,04/30/2022 02:10:43,8.556
506,04/30/2022 02:40:43,8.492
507,04/30/2022 03:10:43,8.438
508,04/30/2022 03:40:43,8.384
509,04/30/2022 04:10:43,8.320
510,04/30/2022 04:40:43,8.266
511,04/30/2022 05:10:43,8.213
512,04/30/2022 05:40:43,8.191
513,04/30/2022 06:10:43,8.138
514,04/30/2022 06:40:43,8.095
515,04/30/2022 07:10:43,8.116
516,04/30/2022 07:40:43,8.095
517,04/30/2022 08:10:43,8.084
518,04/30/2022 08:40:43,8.202
519,04/30/2022 09:10:43,8.320
520,04/30/2022 09:40:43,8.395
521,04/30/2022 10:10:43,8.545
522,04/30/2022 10:40:43,8.856
523,04/30/2022 11:10:43,9.049
524,04/30/2022 11:40:43,9.274
525,04/30/2022 12:10:43,9.585
526,04/30/2022 12:40:43,9.961
527,04/30/2022 13:10:43,10.422
528,04/30/2022 13:40:43,10.604
529,04/30/2022 14:10:43,10.851
530,04/30/2022 14:40:43,10.937
531,04/30/2022 15:10:43,10.980
532,04/30/2022 15:40:43,11.098
533,04/30/2022 16:10:43,11.162
534,04/30/2022 16:40:43,11.119
535,04/30/2022 17:10:43,11.141
536,04/30/2022 17:40:43,11.108
537,04/30/2022 18:10:43,11.044
538,04/30/2022 18:40:43,11.023
539,04/30/2022 19:10:43,10.958
540,04/30/2022 19:40:43,10.905
541,04/30/2022 20:10:43,10.819
542,04/30/2022 20:40:43,10.690
543,04/30/2022 21:10:43,10.615
544,04/30/2022 21:40:43,10.519
545,04/30/2022 22:10:43,10.422
546,04/30/2022 22:40:43,10.347
547,04/30/2022 23:10:43,10.293
548,04/30/2022 23:40:43,10.218
549,05/01/2022 00:10:43,10.143
550,05/01/2022 00:40:43,10.100
551,05/01/2022 01:10:43,10.047
552,05/01/2022 01:40:43,10.025
553,05/01/2022 02:10:43,10.004
554,05/01/2022 02:40:43,9.961
555,05/01/2022 03:10:43,9.929
556,05/01/2022 03:40:43,9.864
557,05/01/2022 04:10:43,9.843
558,05/01/2022 04:40:43,9.800
559,05/01/2022 05:10:43,9.768
560,05/01/2022 05:40:43,9.693
561,05/01/2022 06:10:43,9.650
562,05/01/2022 06:40:43,9.585
563,05/01/2022 07:10:43,9.553
564,05/01/2022 07:40:43,9.585
565,05/01/2022 08:10:43,9.628
566,05/01/2022 08:40:43,9.736
567,05/01/2022 09:10:43,9.929
568,05/01/2022 09:40:43,9.993
569,05/01/2022 10:10:43,10.240
570,05/01/2022 10:40:43,10.401
571,05/01/2022 11:10:43,10.497
572,05/01/2022 11:40:43,10.712
573,05/01/2022 12:10:43,10.905
574,05/01/2022 12:40:43,11.248
575,05/01/2022 13:10:43,11.419
576,05/01/2022 13:40:43,11.763
577,05/01/2022 14:10:43,11.741
578,05/01/2022 14:40:43,11.859
579,05/01/2022 15:10:43,12.138
580,05/01/2022 15:40:43,12.374
581,05/01/2022 16:10:43,12.428
582,05/01/2022 16:40:43,12.546
583,05/01/2022 17:10:43,12.567
584,05/01/2022 17:40:43,12.342
585,05/01/2022 18:10:43,12.299
586,05/01/2022 18:40:43,12.277
587,05/01/2022 19:10:43,12.224
588,05/01/2022 19:40:43,12.159
589,05/01/2022 20:10:43,12.095
590,05/01/2022 20:40:43,11.966
591,05/01/2022 21:10:43,11.795
592,05/01/2022 21:40:43,11.613
593,05/01/2022 22:10:43,11.430
594,05/01/2022 22:40:43,11.301
595,05/01/2022 23:10:43,11.194
596,05/01/2022 23:40:43,11.087
597,05/02/2022 00:10:43,10.980
598,05/02/2022 00:40:43,10.872
599,05/02/2022 01:10:43,10.776
600,05/02/2022 01:40:43,10.722
601,05/02/2022 02:10:43,10.647
602,05/02/2022 02:40:43,10.561
603,05/02/2022 03:10:43,10.497
604,05/02/2022 03:40:43,10.443
605,05/02/2022 04:10:43,10.358
606,05/02/2022 04:40:43,10.272
607,05/02/2022 05:10:43,10.240
608,05/02/2022 05:40:43,10.165
609,05/02/2022 06:10:43,10.068
610,05/02/2022 06:40:43,10.025
611,05/02/2022 07:10:43,9.972
612,05/02/2022 07:40:43,10.014
613,05/02/2022 08:10:43,10.122
614,05/02/2022 08:40:43,10.347
615,05/02/2022 09:10:43,10.754
616,05/02/2022 09:40:43,11.087
617,05/02/2022 10:10:43,11.162
618,05/02/2022 10:40:43,11.516
619,05/02/2022 11:10:43,11.730
620,05/02/2022 11:40:43,11.484
621,05/02/2022 12:10:43,11.784
622,05/02/2022 12:40:43,11.655
623,05/02/2022 13:10:43,11.881
624,05/02/2022 13:40:43,11.870
625,05/02/2022 14:10:43,11.741
626,05/02/2022 14:40:43,11.698
627,05/02/2022 15:10:43,11.741
628,05/02/2022 15:40:43,11.752
629,05/02/2022 16:10:43,11.730
630,05/02/2022 16:40:43,11.602
631,05/02/2022 17:10:43,11.516
632,05/02/2022 17:40:43,11.473
633,05/02/2022 18:10:43,11.462
634,05/02/2022 18:40:43,11.387
635,05/02/2022 19:10:43,11.441
636,05/02/2022 19:40:43,11.537
637,05/02/2022 20:10:43,11.548
638,05/02/2022 20:40:43,11.548
639,05/02/2022 21:10:43,11.462
640,05/02/2022 21:40:43,11.398
641,05/02/2022 22:10:43,11.344
642,05/02/2022 22:40:43,11.344
643,05/02/2022 23:10:43,11.344
644,05/02/2022 23:40:43,11.344
645,05/03/2022 00:10:43,11.344
646,05/03/2022 00:40:43,11.334
647,05/03/2022 01:10:43,11.323
648,05/03/2022 01:40:43,11.323
649,05/03/2022 02:10:43,11.334
650,05/03/2022 02:40:43,11.344
651,05/03/2022 03:10:43,11.291
652,05/03/2022 03:40:43,11.259
653,05/03/2022 04:10:43,11.259
654,05/03/2022 04:40:43,11.216
655,05/03/2022 05:10:43,11.237
656,05/03/2022 05:40:43,11.216
657,05/03/2022 06:10:43,11.205
658,05/03/2022 06:40:43,11.226
659,05/03/2022 07:10:43,11.259
660,05/03/2022 07:40:43,11.344
661,05/03/2022 08:10:43,11.452
662,05/03/2022 08:40:43,11.570
663,05/03/2022 09:10:43,11.816
664,05/03/2022 09:40:43,11.988
665,05/03/2022 10:10:43,12.020
666,05/03/2022 10:40:43,12.138
667,05/03/2022 11:10:43,12.342
668,05/03/2022 11:40:43,12.588
669,05/03/2022 12:10:43,12.653
670,05/03/2022 12:40:43,12.824
671,05/03/2022 13:10:43,12.739
672,05/03/2022 13:40:43,12.771
673,05/03/2022 14:10:43,12.782
674,05/03/2022 14:40:43,12.867
675,05/03/2022 15:10:43,12.653
676,05/03/2022 15:40:43,12.706
677,05/03/2022 16:10:43,12.664
678,05/03/2022 16:40:43,12.353
679,05/03/2022 17:10:43,12.503
680,05/03/2022 17:40:43,12.567
681,05/03/2022 18:10:43,12.588
682,05/03/2022 18:40:43,12.546
683,05/03/2022 19:10:43,12.471
684,05/03/2022 19:40:43,12.374
685,05/03/2022 20:10:43,12.267
686,05/03/2022 20:40:43,12.245
687,05/03/2022 21:10:43,12.256
688,05/03/2022 21:40:43,12.235
689,05/03/2022 22:10:43,12.192
690,05/03/2022 22:40:43,12.202
691,05/03/2022 23:10:43,12.149
692,05/03/2022 23:40:43,12.181
693,05/04/2022 00:10:43,12.181
694,05/04/2022 00:40:43,12.245
695,05/04/2022 01:10:43,12.256
696,05/04/2022 01:40:43,12.277
697,05/04/2022 02:10:43,12.299
698,05/04/2022 02:40:43,12.256
699,05/04/2022 03:10:43,12.256
700,05/04/2022 03:40:43,12.267
701,05/04/2022 04:10:43,12.235
702,05/04/2022 04:40:43,12.235
703,05/04/2022 05:10:43,12.235
704,05/04/2022 05:40:43,12.213
705,05/04/2022 06:10:43,12.192
706,05/04/2022 06:40:43,12.224
707,05/04/2022 07:10:43,12.202
708,05/04/2022 07:40:43,12.235
709,05/04/2022 08:10:43,12.267
710,05/04/2022 08:40:43,12.331
711,05/04/2022 09:10:43,12.320
712,05/04/2022 09:40:43,12.395
713,05/04/2022 10:10:43,12.438
714,05/04/2022 10:40:43,12.471
715,05/04/2022 11:10:43,12.524
716,05/04/2022 11:40:43,12.567
717,05/04/2022 12:10:43,12.610
718,05/04/2022 12:40:43,12.674
719,05/04/2022 13:10:43,12.717
720,05/04/2022 13:40:43,12.739
721,05/04/2022 14:10:43,12.760
722,05/04/2022 14:40:43,12.814
723,05/04/2022 15:10:43,12.792
724,05/04/2022 15:40:43,12.803
725,05/04/2022 16:10:43,12.835
726,05/04/2022 16:40:43,12.846
727,05/04/2022 17:10:43,12.846
728,05/04/2022 17:40:43,12.846
729,05/04/2022 18:10:43,12.814
730,05/04/2022 18:40:43,12.792
731,05/04/2022 19:10:43,12.782
732,05/04/2022 19:40:43,12.749
733,05/04/2022 20:10:43,12.706
734,05/04/2022 20:40:43,12.642
735,05/04/2022 21:10:43,12.578
736,05/04/2022 21:40:43,12.524
737,05/04/2022 22:10:43,12.481
738,05/04/2022 22:40:43,12.438
739,05/04/2022 23:10:43,12.417
740,05/04/2022 23:40:43,12.385
741,05/05/2022 00:10:43,12.363
742,05/05/2022 00:40:43,12.320
743,05/05/2022 01:10:43,12.277
744,05/05/2022 01:40:43,12.245
745,05/05/2022 02:10:43,12.192
746,05/05/2022 02:40:43,12.159
747,05/05/2022 03:10:43,12.138
748,05/05/2022 03:40:43,12.095
749,05/05/2022 04:10:43,12.063
750,05/05/2022 04:40:43,12.031
751,05/05/2022 05:10:43,11.999
752,05/05/2022 05:40:43,11.924
753,05/05/2022 06:10:43,11.827
754,05/05/2022 06:40:43,11.773
755,05/05/2022 07:10:43,11.752
756,05/05/2022 07:40:43,11.795
757,05/05/2022 08:10:43,11.891
758,05/05/2022 08:40:43,12.074
759,05/05/2022 09:10:43,12.202
760,05/05/2022 09:40:43,12.395
761,05/05/2022 10:10:43,12.696
762,05/05/2022 10:40:43,13.050
763,05/05/2022 11:10:43,13.275
764,05/05/2022 11:40:43,13.618
765,05/05/2022 12:10:43,14.047
766,05/05/2022 12:40:43,14.240
767,05/05/2022 13:10:43,14.519
768,05/05/2022 13:40:43,14.916
769,05/05/2022 14:10:43,14.969
770,05/05/2022 14:40:43,15.302
771,05/05/2022 15:10:43,15.581
772,05/05/2022 15:40:43,15.474
773,05/05/2022 16:10:43,15.645
774,05/05/2022 16:40:43,15.624
775,05/05/2022 17:10:43,15.495
776,05/05/2022 17:40:43,15.366
777,05/05/2022 18:10:43,15.248
778,05/05/2022 18:40:43,15.130
779,05/05/2022 19:10:43,14.948
780,05/05/2022 19:40:43,14.798
781,05/05/2022 20:10:43,14.691
782,05/05/2022 20:40:43,14.519
783,05/05/2022 21:10:43,14.422
784,05/05/2022 21:40:43,14.294
785,05/05/2022 22:10:43,14.219
786,05/05/2022 22:40:43,14.133
787,05/05/2022 23:10:43,14.026
788,05/05/2022 23:40:43,13.908
789,05/06/2022 00:10:43,13.779
790,05/06/2022 00:40:43,13.672
791,05/06/2022 01:10:43,13.597
792,05/06/2022 01:40:43,13.489
793,05/06/2022 02:10:43,13.393
794,05/06/2022 02:40:43,13.275
795,05/06/2022 03:10:43,13.146
796,05/06/2022 03:40:43,13.060
797,05/06/2022 04:10:43,12.942
798,05/06/2022 04:40:43,12.814
799,05/06/2022 05:10:43,12.706
800,05/06/2022 05:40:43,12.588
801,05/06/2022 06:10:43,12.492
802,05/06/2022 06:40:43,12.417
803,05/06/2022 07:10:43,12.395
804,05/06/2022 07:40:43,12.428
805,05/06/2022 08:10:43,12.524
806,05/06/2022 08:40:43,12.717
807,05/06/2022 09:10:43,12.932
808,05/06/2022 09:40:43,13.028
809,05/06/2022 10:10:43,13.296
810,05/06/2022 10:40:43,13.479
811,05/06/2022 11:10:43,13.640
812,05/06/2022 11:40:43,13.790
813,05/06/2022 12:10:43,13.865
814,05/06/2022 12:40:43,13.908
815,05/06/2022 13:10:43,14.015
816,05/06/2022 13:40:43,13.993
817,05/06/2022 14:10:43,14.101
818,05/06/2022 14:40:43,14.090
819,05/06/2022 15:10:43,14.090
820,05/06/2022 15:40:43,14.101
821,05/06/2022 16:10:43,13.918
822,05/06/2022 16:40:43,13.897
823,05/06/2022 17:10:43,13.779
824,05/06/2022 17:40:43,13.779
825,05/06/2022 18:10:43,13.854
826,05/06/2022 18:40:43,13.876
827,05/06/2022 19:10:43,13.918
828,05/06/2022 19:40:43,13.929
829,05/06/2022 20:10:43,13.908
830,05/06/2022 20:40:43,13.876
831,05/06/2022 21:10:43,13.725
832,05/06/2022 21:40:43,13.650
833,05/06/2022 22:10:43,13.575
834,05/06/2022 22:40:43,13.479
835,05/06/2022 23:10:43,13.382
836,05/06/2022 23:40:43,13.286
837,05/07/2022 00:10:43,13.178
838,05/07/2022 00:40:43,13.082
839,05/07/2022 01:10:43,12.985
840,05/07/2022 01:40:43,12.857
841,05/07/2022 02:10:43,12.771
842,05/07/2022 02:40:43,12.642
843,05/07/2022 03:10:43,12.524
844,05/07/2022 03:40:43,12.438
845,05/07/2022 04:10:43,12.363
846,05/07/2022 04:40:43,12.277
847,05/07/2022 05:10:43,12.192
848,05/07/2022 05:40:43,12.084
849,05/07/2022 06:10:43,11.988
850,05/07/2022 06:40:43,11.848
851,05/07/2022 07:10:43,11.773
852,05/07/2022 07:40:43,11.752
853,05/07/2022 08:10:43,11.795
854,05/07/2022 08:40:43,12.009
855,05/07/2022 09:10:43,12.245
856,05/07/2022 09:40:43,12.428
857,05/07/2022 10:10:43,12.717
858,05/07/2022 10:40:43,13.028
859,05/07/2022 11:10:43,13.286
860,05/07/2022 11:40:43,13.575
861,05/07/2022 12:10:43,13.854
862,05/07/2022 12:40:43,14.079
863,05/07/2022 13:10:43,14.315
864,05/07/2022 13:40:43,14.583
865,05/07/2022 14:10:43,14.669
866,05/07/2022 14:40:43,14.862
867,05/07/2022 15:10:43,15.077
868,05/07/2022 15:40:43,15.109
869,05/07/2022 16:10:43,15.238
870,05/07/2022 16:40:43,15.098
871,05/07/2022 17:10:43,15.087
872,05/07/2022 17:40:43,15.130
873,05/07/2022 18:10:43,15.098
874,05/07/2022 18:40:43,15.066
875,05/07/2022 19:10:43,15.034
876,05/07/2022 19:40:43,14.948
877,05/07/2022 20:10:43,14.819
878,05/07/2022 20:40:43,14.669
879,05/07/2022 21:10:43,14.519
880,05/07/2022 21:40:43,14.401
881,05/07/2022 22:10:43,14.272
882,05/07/2022 22:40:43,14.133
883,05/07/2022 23:10:43,13.993
884,05/07/2022 23:40:43,13.865
885,05/08/2022 00:10:43,13.725
886,05/08/2022 00:40:43,13.607
887,05/08/2022 01:10:43,13.457
888,05/08/2022 01:40:43,13.339
889,05/08/2022 02:10:43,13.232
890,05/08/2022 02:40:43,13.125
891,05/08/2022 03:10:43,13.017
892,05/08/2022 03:40:43,12.878
893,05/08/2022 04:10:43,12.782
894,05/08/2022 04:40:43,12.674
895,05/08/2022 05:10:43,12.567
896,05/08/2022 05:40:43,12.492
897,05/08/2022 06:10:43,12.438
898,05/08/2022 06:40:43,12.385
899,05/08/2022 07:10:43,12.342
900,05/08/2022 07:40:43,12.385
901,05/08/2022 08:10:43,12.438
902,05/08/2022 08:40:43,12.610
903,05/08/2022 09:10:43,12.846
904,05/08/2022 09:40:43,13.060
905,05/08/2022 10:10:43,13.425
906,05/08/2022 10:40:43,13.779
907,05/08/2022 11:10:43,14.079
908,05/08/2022 11:40:43,14.326
909,05/08/2022 12:10:43,14.701
910,05/08/2022 12:40:43,15.163
911,05/08/2022 13:10:43,15.313
912,05/08/2022 13:40:43,15.484
913,05/08/2022 14:10:43,15.484
914,05/08/2022 14:40:43,15.474
915,05/08/2022 15:10:43,15.613
916,05/08/2022 15:40:43,15.667
917,05/08/2022 16:10:43,15.720
918,05/08/2022 16:40:43,15.634
919,05/08/2022 17:10:43,15.484
920,05/08/2022 17:40:43,15.441
921,05/08/2022 18:10:43,15.366
922,05/08/2022 18:40:43,15.270
923,05/08/2022 19:10:43,15.098
924,05/08/2022 19:40:43,14.991
925,05/08/2022 20:10:43,14.884
926,05/08/2022 20:40:43,14.744
927,05/08/2022 21:10:43,14.626
928,05/08/2022 21:40:43,14.540
929,05/08/2022 22:10:43,14.401
930,05/08/2022 22:40:43,14.294
931,05/08/2022 23:10:43,14.101
932,05/08/2022 23:40:43,13.983
933,05/09/2022 00:10:43,13.833
934,05/09/2022 00:40:43,13.682
935,05/09/2022 01:10:43,13.564
936,05/09/2022 01:40:43,13.414
937,05/09/2022 02:10:43,13.318
938,05/09/2022 02:40:43,13.178
939,05/09/2022 03:10:43,13.071
940,05/09/2022 03:40:43,12.932
941,05/09/2022 04:10:43,12.803
942,05/09/2022 04:40:43,12.685
943,05/09/2022 05:10:43,12.567
944,05/09/2022 05:40:43,12.460
945,05/09/2022 06:10:43,12.331
946,05/09/2022 06:40:43,12.235
947,05/09/2022 07:10:43,12.117
948,05/09/2022 07:40:43,12.170
949,05/09/2022 08:10:43,12.149
950,05/09/2022 08:40:43,12.406
951,05/09/2022 09:10:43,12.610
952,05/09/2022 09:40:43,12.782
953,05/09/2022 10:10:43,13.200
954,05/09/2022 10:40:43,13.522
955,05/09/2022 11:10:43,13.736
956,05/09/2022 11:40:43,14.154
957,05/09/2022 12:10:43,14.412
958,05/09/2022 12:40:43,14.819
959,05/09/2022 13:10:43,15.248
960,05/09/2022 13:40:43,15.409
961,05/09/2022 14:10:43,15.731
